{
  "best_precision_threshold": 0.48,
  "best_precision": 0.5030826140567201,
  "best_f1_threshold": 0.4,
  "best_f1": 0.6576793452094367
}