{
  "model_name": "xgboost_trading_model_20260106_231209.joblib",
  "timestamp": "20260106_231209",
  "parameters": {
    "objective": "binary:logistic",
    "eval_metric": [
      "logloss",
      "auc"
    ],
    "learning_rate": 0.05,
    "max_depth": 6,
    "min_child_weight": 1,
    "subsample": 1.0,
    "colsample_bytree": 0.8,
    "colsample_bylevel": 0.8,
    "alpha": 0.1,
    "lambda": 1.5,
    "gamma": 0.1,
    "random_state": 42,
    "n_estimators": 300,
    "early_stopping_rounds": 10,
    "verbosity": 1
  },
  "metrics": {
    "accuracy": 0.5113997113997114,
    "precision": 0.5150645624103299,
    "recall": 0.6133257403189066,
    "f1": 0.559916818299974,
    "roc_auc": 0.5133163767859024,
    "best_precision_threshold": 0.5,
    "best_precision": 0.5150645624103299,
    "best_f1_threshold": 0.4,
    "best_f1": 0.6726749760306807
  },
  "cross_validation": {
    "mean_auc": 0.52573443483439,
    "std_auc": 0.006685158733057389,
    "cv_scores": [
      0.534054248364131,
      0.5286904109852306,
      0.513904886134803,
      0.5276557135191846,
      0.5243669151686002
    ]
  },
  "feature_count": 64,
  "sample_count": 64
}