{
  "model_name": "xgboost_trading_model_20260106_072707.joblib",
  "timestamp": "20260106_072707",
  "parameters": {
    "objective": "binary:logistic",
    "eval_metric": [
      "logloss",
      "auc"
    ],
    "learning_rate": 0.01,
    "max_depth": 4,
    "min_child_weight": 3,
    "subsample": 0.6,
    "colsample_bytree": 0.6,
    "colsample_bylevel": 0.8,
    "alpha": 0,
    "lambda": 1,
    "random_state": 42,
    "n_estimators": 100,
    "early_stopping_rounds": 10,
    "verbosity": 1
  },
  "metrics": {
    "accuracy": 0.5171717171717172,
    "precision": 0.5166599759132878,
    "recall": 0.7329157175398633,
    "f1": 0.6060748763833295,
    "roc_auc": 0.5274649750550149
  },
  "cross_validation": {
    "mean_auc": 0.5190102056594531,
    "std_auc": 0.00534549494060631,
    "cv_scores": [
      0.5221755402423304,
      0.5268788376718845,
      0.5120238499739885,
      0.5196261090169811,
      0.5143466913920811
    ]
  },
  "feature_count": 68,
  "sample_count": 68
}