{
  "model_name": "xgboost_trading_model_20260109_043812.joblib",
  "timestamp": "20260109_043812",
  "parameters": {
    "objective": "binary:logistic",
    "eval_metric": [
      "logloss",
      "auc"
    ],
    "learning_rate": 0.03,
    "max_depth": 6,
    "min_child_weight": 1,
    "subsample": 0.7,
    "colsample_bytree": 0.7,
    "colsample_bylevel": 0.8,
    "alpha": 0.1,
    "lambda": 1.5,
    "gamma": 0.1,
    "random_state": 42,
    "n_estimators": 300,
    "early_stopping_rounds": 10,
    "verbosity": 1
  },
  "metrics": {
    "accuracy": 0.513978494623656,
    "precision": 0.5044563279857398,
    "recall": 0.4143484626647145,
    "f1": 0.454983922829582,
    "roc_auc": 0.5101039284715482,
    "best_precision_threshold": 0.48,
    "best_precision": 0.5030826140567201,
    "best_f1_threshold": 0.4,
    "best_f1": 0.6576793452094367
  },
  "cross_validation": {
    "mean_auc": 0.5122987414682274,
    "std_auc": 0.009363298206136685,
    "cv_scores": [
      0.5054174633524539,
      0.5134171920178224,
      0.5025683635770137,
      0.5294009276840288,
      0.510689760709818
    ]
  },
  "feature_count": 64,
  "sample_count": 6975
}