{
  "model_name": "xgboost_trading_model_20260107_005530.joblib",
  "timestamp": "20260107_005530",
  "parameters": {
    "objective": "binary:logistic",
    "eval_metric": [
      "logloss",
      "auc"
    ],
    "learning_rate": 0.1,
    "max_depth": 8,
    "min_child_weight": 1,
    "subsample": 0.8,
    "colsample_bytree": 1.0,
    "colsample_bylevel": 0.8,
    "alpha": 0.1,
    "lambda": 1.5,
    "gamma": 0.1,
    "random_state": 42,
    "n_estimators": 300,
    "early_stopping_rounds": 10,
    "verbosity": 1
  },
  "metrics": {
    "accuracy": 0.5738362760834671,
    "precision": 0.5811001410437235,
    "recall": 0.6377708978328174,
    "f1": 0.6081180811808118,
    "roc_auc": 0.5919143446852425,
    "best_precision_threshold": 0.49,
    "best_precision": 0.5821917808219178,
    "best_f1_threshold": 0.4,
    "best_f1": 0.6534779834077856
  },
  "cross_validation": {
    "mean_auc": 0.497032080201686,
    "std_auc": 0.010698609321862038,
    "cv_scores": [
      0.4796585570218751,
      0.49367647932509506,
      0.49997023100738275,
      0.49913382899628256,
      0.5127213046577946
    ]
  },
  "feature_count": 64,
  "sample_count": 64
}